,ns1:name3,ns1:coordinates,lng,lat
1,MS4-SLR-095,"-117.0976335,33.22138214,0",-117.0976335,33.22138214
2,MS4-SLR-095,"-117.0976335,33.22138214,0",-117.0976335,33.22138214
3,MS4-SLR-095,"-117.0976335,33.22138214,0",-117.0976335,33.22138214
4,MS4-SLR-095,"-117.0976335,33.22138214,0",-117.0976335,33.22138214
5,MS4-SLR-095,"-117.0976335,33.22138214,0",-117.0976335,33.22138214
6,MS4-SLR-095,"-117.0976335,33.22138214,0",-117.0976335,33.22138214
7,MS4-CAR-069,"-117.2042605,33.1259099,0",-117.2042605,33.1259099
8,MS4-CAR-069,"-117.2042605,33.1259099,0",-117.2042605,33.1259099
9,MS4-CAR-069,"-117.2042605,33.1259099,0",-117.2042605,33.1259099
10,MS4-CAR-069,"-117.2042605,33.1259099,0",-117.2042605,33.1259099
11,MS4-CAR-069,"-117.2042605,33.1259099,0",-117.2042605,33.1259099
12,MS4-CAR-069,"-117.2042605,33.1259099,0",-117.2042605,33.1259099
13,MS4-CAR-070,"-117.2049167,33.12623797,0",-117.2049167,33.12623797
14,MS4-CAR-070,"-117.2049167,33.12623797,0",-117.2049167,33.12623797
15,MS4-CAR-070,"-117.2049167,33.12623797,0",-117.2049167,33.12623797
16,MS4-CAR-070,"-117.2049167,33.12623797,0",-117.2049167,33.12623797
17,MS4-CAR-070,"-117.2049167,33.12623797,0",-117.2049167,33.12623797
18,MS4-CAR-070,"-117.2049167,33.12623797,0",-117.2049167,33.12623797
19,MS4-CAR-072,"-117.2098379,33.1200044,0",-117.2098379,33.1200044
20,MS4-CAR-072,"-117.2098379,33.1200044,0",-117.2098379,33.1200044
21,MS4-CAR-072,"-117.2098379,33.1200044,0",-117.2098379,33.1200044
22,MS4-CAR-072,"-117.2098379,33.1200044,0",-117.2098379,33.1200044
23,MS4-CAR-072,"-117.2098379,33.1200044,0",-117.2098379,33.1200044
24,MS4-CAR-072,"-117.2098379,33.1200044,0",-117.2098379,33.1200044
25,MS4-CAR-072O,"-117.2154154,33.12525372,0",-117.2154154,33.12525372
26,MS4-CAR-072O,"-117.2154154,33.12525372,0",-117.2154154,33.12525372
27,MS4-CAR-072O,"-117.2154154,33.12525372,0",-117.2154154,33.12525372
28,MS4-CAR-072O,"-117.2154154,33.12525372,0",-117.2154154,33.12525372
29,MS4-CAR-072O,"-117.2154154,33.12525372,0",-117.2154154,33.12525372
30,MS4-CAR-072O,"-117.2154154,33.12525372,0",-117.2154154,33.12525372
31,MS4-CAR-072B,"-117.2104941,33.1200044,0",-117.2104941,33.1200044
32,MS4-CAR-072B,"-117.2104941,33.1200044,0",-117.2104941,33.1200044
33,MS4-CAR-072B,"-117.2104941,33.1200044,0",-117.2104941,33.1200044
34,MS4-CAR-072B,"-117.2104941,33.1200044,0",-117.2104941,33.1200044
35,MS4-CAR-072B,"-117.2104941,33.1200044,0",-117.2104941,33.1200044
36,MS4-CAR-072B,"-117.2104941,33.1200044,0",-117.2104941,33.1200044
37,SLR-045,"-117.1438932,33.23319315,0",-117.1438932,33.23319315
38,SLR-045,"-117.1438932,33.23319315,0",-117.1438932,33.23319315
39,SLR-045,"-117.1438932,33.23319315,0",-117.1438932,33.23319315
40,SLR-045,"-117.1438932,33.23319315,0",-117.1438932,33.23319315
41,SLR-045,"-117.1438932,33.23319315,0",-117.1438932,33.23319315
42,SLR-045,"-117.1438932,33.23319315,0",-117.1438932,33.23319315
43,MS4-SLR-150,"-117.2170558,33.28371798,0",-117.2170558,33.28371798
44,MS4-SLR-150,"-117.2170558,33.28371798,0",-117.2170558,33.28371798
45,MS4-SLR-150,"-117.2170558,33.28371798,0",-117.2170558,33.28371798
46,MS4-SLR-150,"-117.2170558,33.28371798,0",-117.2170558,33.28371798
47,MS4-SLR-150,"-117.2170558,33.28371798,0",-117.2170558,33.28371798
48,MS4-SLR-150,"-117.2170558,33.28371798,0",-117.2170558,33.28371798
49,MS4-SDG-077,"-117.1087883,33.01895472,0",-117.1087883,33.01895472
50,MS4-SDG-077,"-117.1087883,33.01895472,0",-117.1087883,33.01895472
51,MS4-SDG-077,"-117.1087883,33.01895472,0",-117.1087883,33.01895472
52,MS4-SDG-077,"-117.1087883,33.01895472,0",-117.1087883,33.01895472
53,MS4-SDG-077,"-117.1087883,33.01895472,0",-117.1087883,33.01895472
54,MS4-SDG-077,"-117.1087883,33.01895472,0",-117.1087883,33.01895472
55,MS4-SDG-080,"-117.1160061,33.00287865,0",-117.1160061,33.00287865
56,MS4-SDG-080,"-117.1160061,33.00287865,0",-117.1160061,33.00287865
57,MS4-SDG-080,"-117.1160061,33.00287865,0",-117.1160061,33.00287865
58,MS4-SDG-080,"-117.1160061,33.00287865,0",-117.1160061,33.00287865
59,MS4-SDG-080,"-117.1160061,33.00287865,0",-117.1160061,33.00287865
60,MS4-SDG-080,"-117.1160061,33.00287865,0",-117.1160061,33.00287865
61,MS4-SDG-084,"-117.1107568,33.01797047,0",-117.1107568,33.01797047
62,MS4-SDG-084,"-117.1107568,33.01797047,0",-117.1107568,33.01797047
63,MS4-SDG-084,"-117.1107568,33.01797047,0",-117.1107568,33.01797047
64,MS4-SDG-084,"-117.1107568,33.01797047,0",-117.1107568,33.01797047
65,MS4-SDG-084,"-117.1107568,33.01797047,0",-117.1107568,33.01797047
66,MS4-SDG-084,"-117.1107568,33.01797047,0",-117.1107568,33.01797047
67,MS4-SDG-085,"-117.1153463,33.01862051,0",-117.1153463,33.01862051
68,MS4-SDG-085,"-117.1153463,33.01862051,0",-117.1153463,33.01862051
69,MS4-SDG-085,"-117.1153463,33.01862051,0",-117.1153463,33.01862051
70,MS4-SDG-085,"-117.1153463,33.01862051,0",-117.1153463,33.01862051
71,MS4-SDG-085,"-117.1153463,33.01862051,0",-117.1153463,33.01862051
72,MS4-SDG-085,"-117.1153463,33.01862051,0",-117.1153463,33.01862051
73,MS4-SDG-115,"-117.1573446,33.04093631,0",-117.1573446,33.04093631
74,MS4-SDG-115,"-117.1573446,33.04093631,0",-117.1573446,33.04093631
75,MS4-SDG-115,"-117.1573446,33.04093631,0",-117.1573446,33.04093631
76,MS4-SDG-115,"-117.1573446,33.04093631,0",-117.1573446,33.04093631
77,MS4-SDG-115,"-117.1573446,33.04093631,0",-117.1573446,33.04093631
78,MS4-SDG-115,"-117.1573446,33.04093631,0",-117.1573446,33.04093631
79,MS4-SDR-098,"-116.91602,32.84115,0",-116.91602,32.84115
80,MS4-SDR-098,"-116.91602,32.84115,0",-116.91602,32.84115
81,MS4-SDR-098,"-116.91602,32.84115,0",-116.91602,32.84115
82,MS4-SDR-098,"-116.91602,32.84115,0",-116.91602,32.84115
83,MS4-SDR-098,"-116.91602,32.84115,0",-116.91602,32.84115
84,MS4-SDR-098,"-116.91602,32.84115,0",-116.91602,32.84115
85,MS4-SDR-127,"-116.88416,32.84912,0",-116.88416,32.84912
86,MS4-SDR-127,"-116.88416,32.84912,0",-116.88416,32.84912
87,MS4-SDR-127,"-116.88416,32.84912,0",-116.88416,32.84912
88,MS4-SDR-127,"-116.88416,32.84912,0",-116.88416,32.84912
89,MS4-SDR-127,"-116.88416,32.84912,0",-116.88416,32.84912
90,MS4-SDR-127,"-116.88416,32.84912,0",-116.88416,32.84912
91,MS4-SDG-085M,"-117.1150219,33.01633006,0",-117.1150219,33.01633006
92,MS4-SDG-085M,"-117.1150219,33.01633006,0",-117.1150219,33.01633006
93,MS4-SDG-085M,"-117.1150219,33.01633006,0",-117.1150219,33.01633006
94,MS4-SDG-085M,"-117.1150219,33.01633006,0",-117.1150219,33.01633006
95,MS4-SDG-085M,"-117.1150219,33.01633006,0",-117.1150219,33.01633006
96,MS4-SDG-085M,"-117.1150219,33.01633006,0",-117.1150219,33.01633006
97,MS4-SDR-127B,"-116.8822099,32.85234013,0",-116.8822099,32.85234013
98,MS4-SDR-127B,"-116.8822099,32.85234013,0",-116.8822099,32.85234013
99,MS4-SDR-127B,"-116.8822099,32.85234013,0",-116.8822099,32.85234013
100,MS4-SDR-127B,"-116.8822099,32.85234013,0",-116.8822099,32.85234013
101,MS4-SDR-127B,"-116.8822099,32.85234013,0",-116.8822099,32.85234013
102,MS4-SDR-127B,"-116.8822099,32.85234013,0",-116.8822099,32.85234013
103,MS4-SDR-203A,"-116.89487,32.82871,0",-116.89487,32.82871
104,MS4-SDR-203A,"-116.89487,32.82871,0",-116.89487,32.82871
105,MS4-SDR-203A,"-116.89487,32.82871,0",-116.89487,32.82871
106,MS4-SDR-203A,"-116.89487,32.82871,0",-116.89487,32.82871
107,MS4-SDR-203A,"-116.89487,32.82871,0",-116.89487,32.82871
108,MS4-SDR-203A,"-116.89487,32.82871,0",-116.89487,32.82871
109,MS4-SDR-204A,"-116.89491,32.82869,0",-116.89491,32.82869
110,MS4-SDR-204A,"-116.89491,32.82869,0",-116.89491,32.82869
111,MS4-SDR-204A,"-116.89491,32.82869,0",-116.89491,32.82869
112,MS4-SDR-204A,"-116.89491,32.82869,0",-116.89491,32.82869
113,MS4-SDR-204A,"-116.89491,32.82869,0",-116.89491,32.82869
114,MS4-SDR-204A,"-116.89491,32.82869,0",-116.89491,32.82869
115,SLR-045A,"-117.1422528,33.23319314,0",-117.1422528,33.23319314
116,SLR-045A,"-117.1422528,33.23319314,0",-117.1422528,33.23319314
117,SLR-045A,"-117.1422528,33.23319314,0",-117.1422528,33.23319314
118,SLR-045A,"-117.1422528,33.23319314,0",-117.1422528,33.23319314
119,SLR-045A,"-117.1422528,33.23319314,0",-117.1422528,33.23319314
120,SLR-045A,"-117.1422528,33.23319314,0",-117.1422528,33.23319314
127,MS4-SDG-080C,"-117.1143657,33.00583139,0",-117.1143657,33.00583139
128,MS4-SDG-080C,"-117.1143657,33.00583139,0",-117.1143657,33.00583139
129,MS4-SDG-080C,"-117.1143657,33.00583139,0",-117.1143657,33.00583139
130,MS4-SDG-080C,"-117.1143657,33.00583139,0",-117.1143657,33.00583139
131,MS4-SDG-080C,"-117.1143657,33.00583139,0",-117.1143657,33.00583139
132,MS4-SDG-080C,"-117.1143657,33.00583139,0",-117.1143657,33.00583139
133,MS4-SDG-080F,"-117.115678,33.00812797,0",-117.115678,33.00812797
134,MS4-SDG-080F,"-117.115678,33.00812797,0",-117.115678,33.00812797
135,MS4-SDG-080F,"-117.115678,33.00812797,0",-117.115678,33.00812797
136,MS4-SDG-080F,"-117.115678,33.00812797,0",-117.115678,33.00812797
137,MS4-SDG-080F,"-117.115678,33.00812797,0",-117.115678,33.00812797
138,MS4-SDG-080F,"-117.115678,33.00812797,0",-117.115678,33.00812797
139,SLR-120,"-117.1435651,33.23089656,0",-117.1435651,33.23089656
140,SLR-120,"-117.1435651,33.23089656,0",-117.1435651,33.23089656
141,SLR-120,"-117.1435651,33.23089656,0",-117.1435651,33.23089656
142,SLR-120,"-117.1435651,33.23089656,0",-117.1435651,33.23089656
143,SLR-120,"-117.1435651,33.23089656,0",-117.1435651,33.23089656
144,SLR-120,"-117.1435651,33.23089656,0",-117.1435651,33.23089656
145,SLR-402,"-117.1894968,33.34113257,0",-117.1894968,33.34113257
146,SLR-402,"-117.1894968,33.34113257,0",-117.1894968,33.34113257
147,SLR-402,"-117.1894968,33.34113257,0",-117.1894968,33.34113257
148,SLR-402,"-117.1894968,33.34113257,0",-117.1894968,33.34113257
149,SLR-402,"-117.1894968,33.34113257,0",-117.1894968,33.34113257
150,SLR-402,"-117.1894968,33.34113257,0",-117.1894968,33.34113257
151,SLR-103,"-117.162922,33.26665765,0",-117.162922,33.26665765
152,SLR-103,"-117.162922,33.26665765,0",-117.162922,33.26665765
153,SLR-103,"-117.162922,33.26665765,0",-117.162922,33.26665765
154,SLR-103,"-117.162922,33.26665765,0",-117.162922,33.26665765
155,SLR-103,"-117.162922,33.26665765,0",-117.162922,33.26665765
156,SLR-103,"-117.162922,33.26665765,0",-117.162922,33.26665765
157,MS4-SDG-077E,"-117.1064716,33.02114635,0",-117.1064716,33.02114635
158,MS4-SDG-077E,"-117.1064716,33.02114635,0",-117.1064716,33.02114635
159,MS4-SDG-077E,"-117.1064716,33.02114635,0",-117.1064716,33.02114635
160,MS4-SDG-077E,"-117.1064716,33.02114635,0",-117.1064716,33.02114635
161,MS4-SDG-077E,"-117.1064716,33.02114635,0",-117.1064716,33.02114635
162,MS4-SDG-077E,"-117.1064716,33.02114635,0",-117.1064716,33.02114635
163,MS4-SDG-074K,"-117.1075641,33.0152695,0",-117.1075641,33.0152695
164,MS4-SDG-074K,"-117.1075641,33.0152695,0",-117.1075641,33.0152695
165,MS4-SDG-074K,"-117.1075641,33.0152695,0",-117.1075641,33.0152695
166,MS4-SDG-074K,"-117.1075641,33.0152695,0",-117.1075641,33.0152695
167,MS4-SDG-074K,"-117.1075641,33.0152695,0",-117.1075641,33.0152695
168,MS4-SDG-074K,"-117.1075641,33.0152695,0",-117.1075641,33.0152695
169,MS4-SDG-084J,"-117.1123972,33.01468964,0",-117.1123972,33.01468964
170,MS4-SDG-084J,"-117.1123972,33.01468964,0",-117.1123972,33.01468964
171,MS4-SDG-084J,"-117.1123972,33.01468964,0",-117.1123972,33.01468964
172,MS4-SDG-084J,"-117.1123972,33.01468964,0",-117.1123972,33.01468964
173,MS4-SDG-084J,"-117.1123972,33.01468964,0",-117.1123972,33.01468964
174,MS4-SDG-084J,"-117.1123972,33.01468964,0",-117.1123972,33.01468964
175,MS4-SDG-085G,"-117.1163342,33.01665814,0",-117.1163342,33.01665814
176,MS4-SDG-085G,"-117.1163342,33.01665814,0",-117.1163342,33.01665814
177,MS4-SDG-085G,"-117.1163342,33.01665814,0",-117.1163342,33.01665814
178,MS4-SDG-085G,"-117.1163342,33.01665814,0",-117.1163342,33.01665814
179,MS4-SDG-085G,"-117.1163342,33.01665814,0",-117.1163342,33.01665814
180,MS4-SDG-085G,"-117.1163342,33.01665814,0",-117.1163342,33.01665814
181,MS4-SLR-150B,"-117.2160715,33.28306182,0",-117.2160715,33.28306182
182,MS4-SLR-150B,"-117.2160715,33.28306182,0",-117.2160715,33.28306182
183,MS4-SLR-150B,"-117.2160715,33.28306182,0",-117.2160715,33.28306182
184,MS4-SLR-150B,"-117.2160715,33.28306182,0",-117.2160715,33.28306182
185,MS4-SLR-150B,"-117.2160715,33.28306182,0",-117.2160715,33.28306182
186,MS4-SLR-150B,"-117.2160715,33.28306182,0",-117.2160715,33.28306182
187,MS4-SLR-150C,"-117.2157435,33.28273372,0",-117.2157435,33.28273372
188,MS4-SLR-150C,"-117.2157435,33.28273372,0",-117.2157435,33.28273372
189,MS4-SLR-150C,"-117.2157435,33.28273372,0",-117.2157435,33.28273372
190,MS4-SLR-150C,"-117.2157435,33.28273372,0",-117.2157435,33.28273372
191,MS4-SLR-150C,"-117.2157435,33.28273372,0",-117.2157435,33.28273372
192,MS4-SLR-150C,"-117.2157435,33.28273372,0",-117.2157435,33.28273372
193,SLR-045B,"-117.1415966,33.23319315,0",-117.1415966,33.23319315
194,SLR-045B,"-117.1415966,33.23319315,0",-117.1415966,33.23319315
195,SLR-045B,"-117.1415966,33.23319315,0",-117.1415966,33.23319315
196,SLR-045B,"-117.1415966,33.23319315,0",-117.1415966,33.23319315
197,SLR-045B,"-117.1415966,33.23319315,0",-117.1415966,33.23319315
198,SLR-045B,"-117.1415966,33.23319315,0",-117.1415966,33.23319315
205,MS4-CAR-059,"-117.1875283,33.04356098,0",-117.1875283,33.04356098
206,MS4-CAR-059,"-117.1875283,33.04356098,0",-117.1875283,33.04356098
207,MS4-CAR-059,"-117.1875283,33.04356098,0",-117.1875283,33.04356098
208,MS4-CAR-059,"-117.1875283,33.04356098,0",-117.1875283,33.04356098
209,MS4-CAR-059,"-117.1875283,33.04356098,0",-117.1875283,33.04356098
210,MS4-CAR-059,"-117.1875283,33.04356098,0",-117.1875283,33.04356098
211,SDR-723,"-116.9449398,32.86744728,0",-116.9449398,32.86744728
212,SDR-723,"-116.9449398,32.86744728,0",-116.9449398,32.86744728
213,SDR-723,"-116.9449398,32.86744728,0",-116.9449398,32.86744728
214,SDR-723,"-116.9449398,32.86744728,0",-116.9449398,32.86744728
215,SDR-723,"-116.9449398,32.86744728,0",-116.9449398,32.86744728
216,SDR-723,"-116.9449398,32.86744728,0",-116.9449398,32.86744728
217,MS4-SLR-154,"-117.1534076,33.32702498,0",-117.1534076,33.32702498
218,MS4-SLR-154,"-117.1534076,33.32702498,0",-117.1534076,33.32702498
219,MS4-SLR-154,"-117.1534076,33.32702498,0",-117.1534076,33.32702498
220,MS4-SLR-154,"-117.1534076,33.32702498,0",-117.1534076,33.32702498
221,MS4-SLR-154,"-117.1534076,33.32702498,0",-117.1534076,33.32702498
222,MS4-SLR-154,"-117.1534076,33.32702498,0",-117.1534076,33.32702498
223,MS4-SDR-223,"-116.96145,32.81239,0",-116.96145,32.81239
224,MS4-SDR-223,"-116.96145,32.81239,0",-116.96145,32.81239
225,MS4-SDR-223,"-116.96145,32.81239,0",-116.96145,32.81239
226,MS4-SDR-223,"-116.96145,32.81239,0",-116.96145,32.81239
227,MS4-SDR-223,"-116.96145,32.81239,0",-116.96145,32.81239
228,MS4-SDR-223,"-116.96145,32.81239,0",-116.96145,32.81239
229,MS4-SDR-568,"-116.95884,32.81244,0",-116.95884,32.81244
230,MS4-SDR-568,"-116.95884,32.81244,0",-116.95884,32.81244
231,MS4-SDR-568,"-116.95884,32.81244,0",-116.95884,32.81244
232,MS4-SDR-568,"-116.95884,32.81244,0",-116.95884,32.81244
233,MS4-SDR-568,"-116.95884,32.81244,0",-116.95884,32.81244
234,MS4-SDR-568,"-116.95884,32.81244,0",-116.95884,32.81244
235,SDR-1024,"-116.92532,32.85671,0",-116.92532,32.85671
236,SDR-1024,"-116.92532,32.85671,0",-116.92532,32.85671
237,SDR-1024,"-116.92532,32.85671,0",-116.92532,32.85671
238,SDR-1024,"-116.92532,32.85671,0",-116.92532,32.85671
239,SDR-1024,"-116.92532,32.85671,0",-116.92532,32.85671
240,SDR-1024,"-116.92532,32.85671,0",-116.92532,32.85671
241,SDR-1031,"-116.92048,32.85103,0",-116.92048,32.85103
242,SDR-1031,"-116.92048,32.85103,0",-116.92048,32.85103
243,SDR-1031,"-116.92048,32.85103,0",-116.92048,32.85103
244,SDR-1031,"-116.92048,32.85103,0",-116.92048,32.85103
245,SDR-1031,"-116.92048,32.85103,0",-116.92048,32.85103
246,SDR-1031,"-116.92048,32.85103,0",-116.92048,32.85103
247,SDR-740,"-116.93018,32.85713,0",-116.93018,32.85713
248,SDR-740,"-116.93018,32.85713,0",-116.93018,32.85713
249,SDR-740,"-116.93018,32.85713,0",-116.93018,32.85713
250,SDR-740,"-116.93018,32.85713,0",-116.93018,32.85713
251,SDR-740,"-116.93018,32.85713,0",-116.93018,32.85713
252,SDR-740,"-116.93018,32.85713,0",-116.93018,32.85713
253,SDR-751,"-116.92079,32.85316,0",-116.92079,32.85316
254,SDR-751,"-116.92079,32.85316,0",-116.92079,32.85316
255,SDR-751,"-116.92079,32.85316,0",-116.92079,32.85316
256,SDR-751,"-116.92079,32.85316,0",-116.92079,32.85316
257,SDR-751,"-116.92079,32.85316,0",-116.92079,32.85316
258,SDR-751,"-116.92079,32.85316,0",-116.92079,32.85316
259,SDR-772,"-116.9006614,32.83196377,0",-116.9006614,32.83196377
260,SDR-772,"-116.9006614,32.83196377,0",-116.9006614,32.83196377
261,SDR-772,"-116.9006614,32.83196377,0",-116.9006614,32.83196377
262,SDR-772,"-116.9006614,32.83196377,0",-116.9006614,32.83196377
263,SDR-772,"-116.9006614,32.83196377,0",-116.9006614,32.83196377
264,SDR-772,"-116.9006614,32.83196377,0",-116.9006614,32.83196377
265,SDR-780,"-116.89258,32.83635,0",-116.89258,32.83635
266,SDR-780,"-116.89258,32.83635,0",-116.89258,32.83635
267,SDR-780,"-116.89258,32.83635,0",-116.89258,32.83635
268,SDR-780,"-116.89258,32.83635,0",-116.89258,32.83635
269,SDR-780,"-116.89258,32.83635,0",-116.89258,32.83635
270,SDR-780,"-116.89258,32.83635,0",-116.89258,32.83635
271,SDR-821,"-116.82575,32.85904,0",-116.82575,32.85904
272,SDR-821,"-116.82575,32.85904,0",-116.82575,32.85904
273,SDR-821,"-116.82575,32.85904,0",-116.82575,32.85904
274,SDR-821,"-116.82575,32.85904,0",-116.82575,32.85904
275,SDR-821,"-116.82575,32.85904,0",-116.82575,32.85904
276,SDR-821,"-116.82575,32.85904,0",-116.82575,32.85904
277,SDR-939,"-116.89619,32.83164,0",-116.89619,32.83164
278,SDR-939,"-116.89619,32.83164,0",-116.89619,32.83164
279,SDR-939,"-116.89619,32.83164,0",-116.89619,32.83164
280,SDR-939,"-116.89619,32.83164,0",-116.89619,32.83164
281,SDR-939,"-116.89619,32.83164,0",-116.89619,32.83164
282,SDR-939,"-116.89619,32.83164,0",-116.89619,32.83164
283,MS4-SMG-015,"-117.253473,33.37459706,0",-117.253473,33.37459706
284,MS4-SMG-015,"-117.253473,33.37459706,0",-117.253473,33.37459706
285,MS4-SMG-015,"-117.253473,33.37459706,0",-117.253473,33.37459706
286,MS4-SMG-015,"-117.253473,33.37459706,0",-117.253473,33.37459706
287,MS4-SMG-015,"-117.253473,33.37459706,0",-117.253473,33.37459706
288,MS4-SMG-015,"-117.253473,33.37459706,0",-117.253473,33.37459706
289,MS4-SMG-021,"-117.2532631,33.37459148,0",-117.2532631,33.37459148
290,MS4-SMG-021,"-117.2532631,33.37459148,0",-117.2532631,33.37459148
291,MS4-SMG-021,"-117.2532631,33.37459148,0",-117.2532631,33.37459148
292,MS4-SMG-021,"-117.2532631,33.37459148,0",-117.2532631,33.37459148
293,MS4-SMG-021,"-117.2532631,33.37459148,0",-117.2532631,33.37459148
294,MS4-SMG-021,"-117.2532631,33.37459148,0",-117.2532631,33.37459148
295,MS4-SMG-024,"-117.2564801,33.3720116,0",-117.2564801,33.3720116
296,MS4-SMG-024,"-117.2564801,33.3720116,0",-117.2564801,33.3720116
297,MS4-SMG-024,"-117.2564801,33.3720116,0",-117.2564801,33.3720116
298,MS4-SMG-024,"-117.2564801,33.3720116,0",-117.2564801,33.3720116
299,MS4-SMG-024,"-117.2564801,33.3720116,0",-117.2564801,33.3720116
300,MS4-SMG-024,"-117.2564801,33.3720116,0",-117.2564801,33.3720116
301,MS4-SLR-160,"-117.2406778,33.34572573,0",-117.2406778,33.34572573
302,MS4-SLR-160,"-117.2406778,33.34572573,0",-117.2406778,33.34572573
303,MS4-SLR-160,"-117.2406778,33.34572573,0",-117.2406778,33.34572573
304,MS4-SLR-160,"-117.2406778,33.34572573,0",-117.2406778,33.34572573
305,MS4-SLR-160,"-117.2406778,33.34572573,0",-117.2406778,33.34572573
306,MS4-SLR-160,"-117.2406778,33.34572573,0",-117.2406778,33.34572573
307,MS4-SLR-156,"-117.2331319,33.35458398,0",-117.2331319,33.35458398
308,MS4-SLR-156,"-117.2331319,33.35458398,0",-117.2331319,33.35458398
309,MS4-SLR-156,"-117.2331319,33.35458398,0",-117.2331319,33.35458398
310,MS4-SLR-156,"-117.2331319,33.35458398,0",-117.2331319,33.35458398
311,MS4-SLR-156,"-117.2331319,33.35458398,0",-117.2331319,33.35458398
312,MS4-SLR-156,"-117.2331319,33.35458398,0",-117.2331319,33.35458398
313,MS4-SMG-062,"-117.2534843,33.37365268,0",-117.2534843,33.37365268
314,MS4-SMG-062,"-117.2534843,33.37365268,0",-117.2534843,33.37365268
315,MS4-SMG-062,"-117.2534843,33.37365268,0",-117.2534843,33.37365268
316,MS4-SMG-062,"-117.2534843,33.37365268,0",-117.2534843,33.37365268
317,MS4-SMG-062,"-117.2534843,33.37365268,0",-117.2534843,33.37365268
318,MS4-SMG-062,"-117.2534843,33.37365268,0",-117.2534843,33.37365268
319,MS4-SDG-074,"-117.106699,33.01892855,0",-117.106699,33.01892855
320,MS4-SDG-074,"-117.106699,33.01892855,0",-117.106699,33.01892855
321,MS4-SDG-074,"-117.106699,33.01892855,0",-117.106699,33.01892855
322,MS4-SDG-074,"-117.106699,33.01892855,0",-117.106699,33.01892855
323,MS4-SDG-074,"-117.106699,33.01892855,0",-117.106699,33.01892855
324,MS4-SDG-074,"-117.106699,33.01892855,0",-117.106699,33.01892855
325,MS4-SDR-036,"-116.87157,32.84686,0",-116.87157,32.84686
326,MS4-SDR-036,"-116.87157,32.84686,0",-116.87157,32.84686
327,MS4-SDR-036,"-116.87157,32.84686,0",-116.87157,32.84686
328,MS4-SDR-036,"-116.87157,32.84686,0",-116.87157,32.84686
329,MS4-SDR-036,"-116.87157,32.84686,0",-116.87157,32.84686
330,MS4-SDR-036,"-116.87157,32.84686,0",-116.87157,32.84686
331,MS4-SDR-041,"-116.91325,32.84002,0",-116.91325,32.84002
332,MS4-SDR-041,"-116.91325,32.84002,0",-116.91325,32.84002
333,MS4-SDR-041,"-116.91325,32.84002,0",-116.91325,32.84002
334,MS4-SDR-041,"-116.91325,32.84002,0",-116.91325,32.84002
335,MS4-SDR-041,"-116.91325,32.84002,0",-116.91325,32.84002
336,MS4-SDR-041,"-116.91325,32.84002,0",-116.91325,32.84002
337,MS4-SDR-064,"-116.94477,32.86207,0",-116.94477,32.86207
338,MS4-SDR-064,"-116.94477,32.86207,0",-116.94477,32.86207
339,MS4-SDR-064,"-116.94477,32.86207,0",-116.94477,32.86207
340,MS4-SDR-064,"-116.94477,32.86207,0",-116.94477,32.86207
341,MS4-SDR-064,"-116.94477,32.86207,0",-116.94477,32.86207
342,MS4-SDR-064,"-116.94477,32.86207,0",-116.94477,32.86207
343,MS4-SDR-097,"-116.92034,32.85077,0",-116.92034,32.85077
344,MS4-SDR-097,"-116.92034,32.85077,0",-116.92034,32.85077
345,MS4-SDR-097,"-116.92034,32.85077,0",-116.92034,32.85077
346,MS4-SDR-097,"-116.92034,32.85077,0",-116.92034,32.85077
347,MS4-SDR-097,"-116.92034,32.85077,0",-116.92034,32.85077
348,MS4-SDR-097,"-116.92034,32.85077,0",-116.92034,32.85077
349,MS4-SDG-072,"-117.1066417,33.01900054,0",-117.1066417,33.01900054
350,MS4-SDG-072,"-117.1066417,33.01900054,0",-117.1066417,33.01900054
351,MS4-SDG-072,"-117.1066417,33.01900054,0",-117.1066417,33.01900054
352,MS4-SDG-072,"-117.1066417,33.01900054,0",-117.1066417,33.01900054
353,MS4-SDG-072,"-117.1066417,33.01900054,0",-117.1066417,33.01900054
354,MS4-SDG-072,"-117.1066417,33.01900054,0",-117.1066417,33.01900054
355,MS4-SDR-207,"-116.9053091,32.83269023,0",-116.9053091,32.83269023
356,MS4-SDR-207,"-116.9053091,32.83269023,0",-116.9053091,32.83269023
357,MS4-SDR-207,"-116.9053091,32.83269023,0",-116.9053091,32.83269023
358,MS4-SDR-207,"-116.9053091,32.83269023,0",-116.9053091,32.83269023
359,MS4-SDR-207,"-116.9053091,32.83269023,0",-116.9053091,32.83269023
360,MS4-SDR-207,"-116.9053091,32.83269023,0",-116.9053091,32.83269023
361,MS4-SDR-228,"-116.9216,32.86917,0",-116.9216,32.86917
362,MS4-SDR-228,"-116.9216,32.86917,0",-116.9216,32.86917
363,MS4-SDR-228,"-116.9216,32.86917,0",-116.9216,32.86917
364,MS4-SDR-228,"-116.9216,32.86917,0",-116.9216,32.86917
365,MS4-SDR-228,"-116.9216,32.86917,0",-116.9216,32.86917
366,MS4-SDR-228,"-116.9216,32.86917,0",-116.9216,32.86917
367,MS4-SWT-019,"-117.0218462,32.6672494,0",-117.0218462,32.6672494
368,MS4-SWT-019,"-117.0218462,32.6672494,0",-117.0218462,32.6672494
369,MS4-SWT-019,"-117.0218462,32.6672494,0",-117.0218462,32.6672494
370,MS4-SWT-019,"-117.0218462,32.6672494,0",-117.0218462,32.6672494
371,MS4-SWT-019,"-117.0218462,32.6672494,0",-117.0218462,32.6672494
372,MS4-SWT-019,"-117.0218462,32.6672494,0",-117.0218462,32.6672494
373,MS4-SWT-030,"-116.9834604,32.72663248,0",-116.9834604,32.72663248
374,MS4-SWT-030,"-116.9834604,32.72663248,0",-116.9834604,32.72663248
375,MS4-SWT-030,"-116.9834604,32.72663248,0",-116.9834604,32.72663248
376,MS4-SWT-030,"-116.9834604,32.72663248,0",-116.9834604,32.72663248
377,MS4-SWT-030,"-116.9834604,32.72663248,0",-116.9834604,32.72663248
378,MS4-SWT-030,"-116.9834604,32.72663248,0",-116.9834604,32.72663248
379,MS4-SWT-055,"-117.0113475,32.74139623,0",-117.0113475,32.74139623
380,MS4-SWT-055,"-117.0113475,32.74139623,0",-117.0113475,32.74139623
381,MS4-SWT-055,"-117.0113475,32.74139623,0",-117.0113475,32.74139623
382,MS4-SWT-055,"-117.0113475,32.74139623,0",-117.0113475,32.74139623
383,MS4-SWT-055,"-117.0113475,32.74139623,0",-117.0113475,32.74139623
384,MS4-SWT-055,"-117.0113475,32.74139623,0",-117.0113475,32.74139623
385,MS4-SWT-055A,"-117.0126599,32.75058256,0",-117.0126599,32.75058256
386,MS4-SWT-055A,"-117.0126599,32.75058256,0",-117.0126599,32.75058256
387,MS4-SWT-055A,"-117.0126599,32.75058256,0",-117.0126599,32.75058256
388,MS4-SWT-055A,"-117.0126599,32.75058256,0",-117.0126599,32.75058256
389,MS4-SWT-055A,"-117.0126599,32.75058256,0",-117.0126599,32.75058256
390,MS4-SWT-055A,"-117.0126599,32.75058256,0",-117.0126599,32.75058256
